Site Identifier;Site Type;LAT Trimmed;LON Trimmed
1638;Openserve Property;-26.87;26.66
UK06195-X1;Openserve Property;-31.01;23
1385;Openserve Property;-25.75;28.16
1784;Openserve Property;-25.77;28.33
1862;Openserve Property;-29.68;31.01
177;Openserve Property;-33.9;25.14
669;Openserve Property;-33.88;18.69
709;Openserve Property;-33.83;18.65
403;Openserve Property;-29.8;30.98
806;Openserve Property;-33.93;18.51
188;Openserve Property;-28.75;32.06
950;Openserve Property;-26.35;28.43
1859;Openserve Property;-29.81;31
418;Openserve Property;-29;30.02
2187;Openserve Property;-34.03;18.5
334;Openserve Property;-29.93;30.97
23;Openserve Property;-27.46;23.43
486;Openserve Property;-29.09;26.25
1608;Openserve Property;-25.01;28
440;Openserve Property;-29.82;30.84
1721;Openserve Property;-26.57;27.94
141;Openserve Property;-33.95;25.56
333;Openserve Property;-29.93;30.92
426;Openserve Property;-29.96;30.85
322;Openserve Property;-29.88;30.92
314;Openserve Property;-29.44;30.1
1416;Openserve Property;-25.77;28.28
1742;Openserve Property;-25.95;29.24
2242;Openserve Property;-33.87;18.62
661;Openserve Property;-33.95;18.59
2179;Openserve Property;-34.14;18.43
9598;Openserve Property;-33.87;18.64
5799;Openserve Property;-25.27;27.23
1771;Openserve Property;-25.86;28.19
1318;Openserve Property;-25.51;27.1
19;Openserve Property;-27.92;24.84
214;Openserve Property;-29.91;30.9
1682;Openserve Property;-25.67;28.26
1823;Openserve Property;-28.18;30.15
1783;Openserve Property;-26.83;26.68
1538;Openserve Property;-25.66;28.08
1271;Openserve Property;-23.88;29.47
5837;Openserve Property;-32.79;26.84
447;Openserve Property;-28.77;32.01
6371;Openserve Property;-28.54;28.86
438;Openserve Property;-29.92;31
757;Openserve Property;-33.92;18.68
659;Openserve Property;-33.89;18.65
2175;Openserve Property;-34;18.73
275;Openserve Property;-30.26;30.19
68;Openserve Property;-32.75;25.8
12350;Openserve Property;-29.81;30.98
263;Openserve Property;-29.03;31.59
3240;Openserve Property;-23.01;29.01
1840;Openserve Property;-29.01;30.01
332;Openserve Property;-27.62;32.03
499;Openserve Property;-28.87;27.88
7651;Openserve Property;-29.86;30.86
5192;Openserve Property;-25.87;28
1040;Openserve Property;-26.35;28.2
778;Openserve Property;-33.79;20.13
12008;Openserve Property;-25.81;25.63
1543;Openserve Property;-26.62;30.66
6107;Openserve Property;-26.28;25.11
1782;Openserve Property;-26.76;27.12
1838;Openserve Property;-29.01;30
935;Openserve Property;-26.21;27.66
17;Openserve Property;-28.71;24.75
11502;Openserve Property;-25.86;25.64
11189;Openserve Property;-31.6;28.8
6;Openserve Property;-28.18;23.55
385;Openserve Property;-29.65;30.34
1700;Openserve Property;-23.9;29.45
1677;Openserve Property;-22.35;30.04
411;Openserve Property;-30.82;30.4
1355;Openserve Property;-25.71;28.31
59;Openserve Property;-33.02;27.85
25142;Openserve Property;-27.2;25.3
482;Openserve Property;-30.72;25.1
261;Openserve Property;-29.9;31.03
4112;Openserve Property;-26.48;27.85
1827;Openserve Property;-29.63;30.43
1861;Openserve Property;-27.72;29.96
4680;Openserve Property;-22.01;30.02
2883;Openserve Property;-33.89;18.56
2098;Openserve Property;-33.96;18.7
90;Openserve Property;-33.93;25.42
358;Openserve Property;-29.78;30.95
176;Openserve Property;-33.98;25.49
1545;Openserve Property;-26.63;27.94
852;Openserve Property;-34.02;20.44
2237;Openserve Property;-33.99;19.29
24776;Openserve Property;-32.99;27.91
1377;Openserve Property;-25.44;31.68
1842;Openserve Property;-28.57;29.79
1345;Openserve Property;-25.91;27.04
427;Openserve Property;-30.31;30.66
1544;Openserve Property;-23.88;29.44
1646;Openserve Property;-23.9;29.5
1760;Openserve Property;-26.87;26.63
6265;Openserve Property;-22.23;30
1500;Openserve Property;-25.83;25.82
792;Openserve Property;-34.1;18.38
1542;Openserve Property;-26.31;27.76
424;Openserve Property;-29.01;31
762;Openserve Property;-32.97;18.15
10775;Openserve Property;-28.77;31.89
4;Openserve Property;-28.76;24.73
1337;Openserve Property;-25.26;29.14
2108;Openserve Property;-26.37;28.92
5131;Openserve Property;-30.3;27.08
2169;Openserve Property;-33.69;18.99
12953;Openserve Property;-29.99;30.7
5137;Openserve Property;-28.03;27.85
1730;Openserve Property;-26.58;27.83
2201;Openserve Property;-34.03;18.62
4885;Openserve Property;-29.86;30.86
557;Openserve Property;-29.75;31.02
2217;Openserve Property;-34.01;18.63
9953;Openserve Property;-26.18;26.13
1867;Openserve Property;-30.71;30.48
1526;Openserve Property;-25.33;31.02
1726;Openserve Property;-25.6;28
1681;Openserve Property;-26.71;27.04
1763;Openserve Property;-25.79;29.5
3737;Openserve Property;-25.67;31.86
101;Openserve Property;-34.05;23.1
43544;Openserve Property;-33.32;27.34
28163;Openserve Property;-27.64;25.57
6103;Openserve Property;-29;25
361;Openserve Property;-26.91;31.65
429;Openserve Property;-27.66;30.33
1789;Openserve Property;-25.64;27.23
915;Openserve Property;-26.2;28.42
1716;Openserve Property;-25.38;30.98
809;Openserve Property;-33.29;19.33
3913;Openserve Property;-26.34;28.2
431;Openserve Property;-31.01;30.25
126;Openserve Property;-33.96;22.48
1915;Openserve Property;-27.03;28.6
1889;Openserve Property;-28.29;29.02
1252;Openserve Property;-32.58;27.89
76;Openserve Property;-24.15;28.98
518;Openserve Property;-29.53;27.14
1832;Openserve Property;-30.76;30.41
1328;Openserve Property;-26.04;29.33
1637;Openserve Property;-26.42;29.1
1607;Openserve Property;-33.83;20.05
162;Openserve Property;-33.99;22.48
2332;Openserve Property;-28.54;24.53
5099;Openserve Property;-30;24.74
9943;Openserve Property;-31.55;29.02
1539;Openserve Property;-26.87;26.58
2339;Openserve Property;-28.02;23
323;Openserve Property;-29.15;31.41
1692;Openserve Property;-25.02;30
1685;Openserve Property;-27.16;30.86
11190;Openserve Property;-31.61;28.75
3914;Openserve Property;-26.35;28.22
6076;Openserve Property;-30.03;30.91
7866;Openserve Property;-32.95;27.69
111;Openserve Property;-33.15;27.7
5901;Openserve Property;-26.21;30.99
1548;Openserve Property;-25.96;30.56
1322;Openserve Property;-25.8;27.89
73;Openserve Property;-32.97;27.83
9705;Openserve Property;-29.01;26
5130;Openserve Property;-30.21;26.53
1628;Openserve Property;-25.18;31.11
1291;Openserve Property;-32.62;24.69
92;Openserve Property;-34.04;22.22
2983;Openserve Property;-24.6;31.07
533;Openserve Property;-29.41;25
6405;Openserve Property;-30.86;29.85
506;Openserve Property;-28.94;26.33
749;Openserve Property;-33.7;18.7
4733;Openserve Property;-25.21;29.02
2468;Openserve Property;-23.01;30.01
558;Openserve Property;-28.9;27.88
1082;Openserve Property;-28.42;24.3
1674;Openserve Property;-25.09;30.42
79;Openserve Property;-33.03;27.89
4103;Openserve Property;-25.66;27.26
30;Openserve Property;-28.45;21.21
8796;Openserve Property;-28.74;32.08
5245;Openserve Property;-30.07;30.84
2243;Openserve Property;-33.84;19.02
2191;Openserve Property;-33.06;18.35
4027;Openserve Property;-26.54;27.82
636;Openserve Property;-29.73;27
1834;Openserve Property;-28.72;32.04
1683;Openserve Property;-26.76;27.06
1507;Openserve Property;-25.65;26.69
3824;Openserve Property;-24.71;29.41
1794;Openserve Property;-27.72;29.92
871;Openserve Property;-34.67;20.23
2190;Openserve Property;-34.07;19.37
1632;Openserve Property;-26.02;26
2912;Openserve Property;-25.3;28.94
1852;Openserve Property;-30.88;30.35
1389;Openserve Property;-25.54;31.33
2981;Openserve Property;-25.52;31.35
5950;Openserve Property;-22.91;30.23
4114;Openserve Property;-26.73;27.59
1115;Openserve Property;-29.35;21.15
53;Openserve Property;-33.95;22.42
155;Openserve Property;-31.91;26.92
25131;Openserve Property;-31.92;26.86
725;Openserve Property;-33.3;19.04
2225;Openserve Property;-34.2;18.37
9949;Openserve Property;-32.27;28.51
5980;Openserve Property;-30.53;27.37
110;Openserve Property;-34.01;23.42
2238;Openserve Property;-34.41;19.28
1667;Openserve Property;-27.32;26
1380;Openserve Property;-26.16;29.71
423;Openserve Property;-29.67;31.12
2701;Openserve Property;-31.04;23.13
1770;Openserve Property;-25.49;29.03
4177;Openserve Property;-26.36;28.22
2197;Openserve Property;-31.78;18.63
1808;Openserve Property;-30.2;30.75
1202;Openserve Property;-28.75;32.03
21;Openserve Property;-28.44;21.29
12501;Openserve Property;-28.83;24.27
1350;Openserve Property;-24.59;30.16
57561;Openserve Property;-33.42;25.24
3290;Openserve Property;-24.76;29.87
1802;Openserve Property;-29.47;28.99
3107;Openserve Property;-33.46;18.71
5092;Openserve Property;-29.02;24.63
108;Openserve Property;-32.71;27.55
45565;Openserve Property;-29.83;30.96
3989;Openserve Property;-27.78;30.06
1627;Openserve Property;-26.84;30.53
768;Openserve Property;-33.98;18.77
1673;Openserve Property;-23.59;28.4
1619;Openserve Property;-27.01;26.01
6176;Openserve Property;-27.35;31.58
1858;Openserve Property;-29.67;30.34
373;Openserve Property;-29.39;30.68
11317;Openserve Property;-32.9;27.29
1589;Openserve Property;-23.69;30.14
1644;Openserve Property;-25.65;27.81
148;Openserve Property;-34.01;22.45
1879;Openserve Property;-27.24;28.85
2178;Openserve Property;-34.06;18.79
228;Openserve Property;-28.01;30.38
16782;Openserve Property;-33.94;22.04
1651;Openserve Property;-24.91;27.73
1868;Openserve Property;-30.64;30.53
1074;Openserve Property;-28.8;23.72
416;Openserve Property;-29.73;30.38
1900;Openserve Property;-27.65;28.13
1493;Openserve Property;-25.01;28
107;Openserve Property;-33.95;24.29
2239;Openserve Property;-34.07;19.12
1146;Openserve Property;-29.03;19.15
5129;Openserve Property;-30.42;26.84
728;Openserve Property;-34.05;19.61
607;Openserve Property;-27.95;27.56
250;Openserve Property;-30.95;30.28
1865;Openserve Property;-28.28;31.44
3221;Openserve Property;-24.84;29.81
8664;Openserve Property;-33.5;19.83
783;Openserve Property;-33.83;18.83
353;Openserve Property;-29.35;30.52
421;Openserve Property;-28.75;30.45
79028;Openserve Property;-23.31;30.69
1755;Openserve Property;-23.01;28.57
273;Openserve Property;-28.44;30.42
295;Openserve Property;-30.79;30.13
541;Openserve Property;-30.71;27.22
173;Openserve Property;-32.91;28.02
1891;Openserve Property;-28.13;26.91
1843;Openserve Property;-33.35;18.87
547;Openserve Property;-29.16;25.99
769;Openserve Property;-34.06;18.76
2244;Openserve Property;-33.67;18.92
11188;Openserve Property;-31.57;28.66
2390;Openserve Property;-33.98;23.81
4003;Openserve Property;-26.04;31.02
434;Openserve Property;-29.43;30.58
707;Openserve Property;-31.82;18.24
3437;Openserve Property;-32.57;27.45
2228;Openserve Property;-34.12;18.91
95;Openserve Property;-34.12;22.11
303;Openserve Property;-28.97;30.87
1556;Openserve Property;-25.85;29.25
15368;Openserve Property;-28.77;17.62
4141;Openserve Property;-33.73;26.57
29760;Openserve Property;-28.5;20.14
67;Openserve Property;-33.69;25.81
394;Openserve Property;-29.3;29.98
64;Openserve Property;-32.82;28.11
9757;Openserve Property;-32.32;28.2
10595;Openserve Property;-28.72;24.78
569;Openserve Property;-28.3;27.95
2173;Openserve Property;-32.7;18.23
828;Openserve Property;-33.18;19
86;Openserve Property;-34.05;21.28
404;Openserve Property;-29.21;30.6
12586;Openserve Property;-25.86;28.33
43585;Openserve Property;-29.78;31
1934;Openserve Property;-29.57;30.19
715;Openserve Property;-34.03;18.75
1775;Openserve Property;-27.35;30.14
12368;Openserve Property;-30.03;30.88
855;Openserve Property;-33.34;20.04
6106;Openserve Property;-27.21;24.1
11680;Openserve Property;-22.02;30
13437;Openserve Property;-33.08;25.85
621;Openserve Property;-29.99;27.01
57;Openserve Property;-34.06;23.02
2184;Openserve Property;-34.04;19.56
1890;Openserve Property;-27.39;26.65
4179;Openserve Property;-28.47;30.16
1645;Openserve Property;-25.72;27.3
1565;Openserve Property;-23;31
3349;Openserve Property;-26.51;27.87
16;Openserve Property;-28.13;25.5
2192;Openserve Property;-34.43;21.34
2208;Openserve Property;-34.32;20.58
27681;Openserve Property;-29.04;24.59
1851;Openserve Property;-30.37;30.7
588;Openserve Property;-29.1;26.34
791;Openserve Property;-31.38;19.11
1575;Openserve Property;-26.5;28.06
548;Openserve Property;-27.88;27.92
4735;Openserve Property;-29.17;31.41
2947;Openserve Property;-28.63;21.08
97;Openserve Property;-33.85;22.45
6276;Openserve Property;-22.33;30.04
175;Openserve Property;-33.96;23.47
26;Openserve Property;-27.67;24.77
1201;Openserve Property;-33.32;26.09
1830;Openserve Property;-29.7;30.68
17270;Openserve Property;-28.26;22.08
754;Openserve Property;-33.02;19.31
344;Openserve Property;-28.97;30.4
648;Openserve Property;-33.56;18.5
31;Openserve Property;-29.33;22.84
39141;Openserve Property;-28.09;20.01
711;Openserve Property;-32.69;18.88
100;Openserve Property;-33.97;22.62
125;Openserve Property;-33.87;25.03
9;Openserve Property;-27.6;22.88
3014;Openserve Property;-28.75;24.78
1193;Openserve Property;-31.34;20.92
589;Openserve Property;-28.5;27.94
165;Openserve Property;-32.87;28.09
838;Openserve Property;-32.76;18.03
724;Openserve Property;-34.16;18.87
465;Openserve Property;-30.5;25.97
1718;Openserve Property;-24.78;27.75
14590;Openserve Property;-32.82;26.99
159;Openserve Property;-33.86;25.31
1591;Openserve Property;-25.93;29.24
34;Openserve Property;-28.71;24.71
1828;Openserve Property;-29.04;30.8
104;Openserve Property;-34.05;24.91
3992;Openserve Property;-23.91;29.44
5090;Openserve Property;-29.13;24.77
60;Openserve Property;-34.08;22.97
185;Openserve Property;-34.03;24.92
227;Openserve Property;-29.85;30.8
283;Openserve Property;-30.46;30.65
122;Openserve Property;-33.81;23.73
6120;Openserve Property;-26.82;25.1
1055;Openserve Property;-27.25;25.05
5983;Openserve Property;-31.72;28.69
2231;Openserve Property;-28.88;19.92
45020;Openserve Property;-29.76;30.79
1378;Openserve Property;-25.88;27.62
1254;Openserve Property;-33.8;23.66
422;Openserve Property;-28.34;31.41
2054;Openserve Property;-34.2;22.04
2126;Openserve Property;-34.04;20.54
517;Openserve Property;-27.45;27.42
3065;Openserve Property;-29.81;29.77
3596;Openserve Property;-24.6;29.08
1684;Openserve Property;-23.59;30.1
850;Openserve Property;-34;20.65
2219;Openserve Property;-34.34;18.83
15862;Openserve Property;-27.91;25.17
610;Openserve Property;-28.21;28.33
4119;Openserve Property;-33.91;25.61
812;Openserve Property;-33.92;18.64
16783;Openserve Property;-34.05;22.39
53635;Openserve Property;-27.37;30.53
1235;Openserve Property;-32.58;26.94
13862;Openserve Property;-29.17;26.47
7569;Openserve Property;-31.89;23.07
2206;Openserve Property;-33.95;19.83
2313;Openserve Property;-32.98;21.69
5738;Openserve Property;-25.12;28.99
4012;Openserve Property;-25.68;30
9752;Openserve Property;-28.69;25.78
1962;Openserve Property;-32.01;26.26
14618;Openserve Property;-26.54;28.05
9701;Openserve Property;-27.39;24.72
19785;Openserve Property;-25.44;30.97
760;Openserve Property;-32.14;18.31
1194;Openserve Property;-28.33;24.71
1643;Openserve Property;-26.26;29.27
11575;Openserve Property;-25.17;27.17
1069;Openserve Property;-30.47;20.49
40955;Openserve Property;-25.07;31.05
1158;Openserve Property;-27.56;24.18
137;Openserve Property;-33.82;25.59
3202;Openserve Property;-24.58;30.32
3632;Openserve Property;-24.75;30.1
5498;Openserve Property;-33.97;18.93
3047;Openserve Property;-23.95;29.79
5101;Openserve Property;-29.94;23.68
4448;Openserve Property;-25.08;31.08
3943;Openserve Property;-24.87;29.75
1316;Openserve Property;-25.05;29.51
42180;Openserve Property;-25.28;25.71
128;Openserve Property;-33.92;25.54
1787;Openserve Property;-26.84;27.86
1854;Openserve Property;-27.75;29.98
1562;Openserve Property;-26.57;27.12
2213;Openserve Property;-33.49;19.62
5134;Openserve Property;-29.65;26.06
220;Openserve Property;-27.68;31.06
121;Openserve Property;-33.41;25.34
1820;Openserve Property;-28.83;31.89
247;Openserve Property;-28.39;29.98
3454;Openserve Property;-25.1;29.46
4833;Openserve Property;-28.74;25.82
9608;Openserve Property;-29.72;31.06
632;Openserve Property;-27.01;27.36
13797;Openserve Property;-29.54;31.2
3583;Openserve Property;-33.95;22.95
1114;Openserve Property;-28.01;20
3857;Openserve Property;-24.69;29.75
1200;Openserve Property;-33.65;26.41
747;Openserve Property;-29.68;17.07
29208;Openserve Property;-33.99;22.53
5096;Openserve Property;-31.06;24.44
28530;Openserve Property;-28.2;23.39
784;Openserve Property;-29.59;17.79
3294;Openserve Property;-33;27.6
20305;Openserve Property;-34.04;23.11
17605;Openserve Property;-31.15;21.6
4752;Openserve Property;-23.47;29.82
5765;Openserve Property;-25.28;29.2
7659;Openserve Property;-24.41;29.75
2889;Openserve Property;-34.18;19.07
17461;Openserve Property;-31.11;26.1
24512;Openserve Property;-28.55;21.15
10975;Openserve Property;-27.23;26.67
186;Openserve Property;-29.05;31.53
4943;Openserve Property;-25.82;28.34
1776;Openserve Property;-25.56;28.31
65;Openserve Property;-34;25.36
98;Openserve Property;-34.05;22.39
30072;Openserve Property;-33.26;18.6
6372;Openserve Property;-28.54;28.88
3510;Openserve Property;-28.47;19.87
5109;Openserve Property;-26.18;25.99
17343;Openserve Property;-28.62;19.51
152141;Openserve Property;-26.24;28.15
1857;Openserve Property;-29.45;31.08
436;Openserve Property;-27.99;31.08
4028;Openserve Property;-25.66;31.68
1620;Openserve Property;-26.53;28.06
11929;Openserve Property;-26.05;28.76
1738;Openserve Property;-26.62;27.9
1262;Openserve Property;-31.96;23.76
31216;Openserve Property;-26.75;27.65
34133;Openserve Property;-26.51;28.13
49667;Openserve Property;-34.05;22.4
25;Openserve Property;-28.04;23.1
24;Openserve Property;-28.36;23.47
616;Openserve Property;-26.47;20.61
1505;Openserve Property;-24.94;27.16
717;Openserve Property;-31.91;21.51
2160;Openserve Property;-29.2;26.23
11661;Openserve Property;-31.08;30.19
1634;Openserve Property;-25.43;31.16
3883;Openserve Property;-23.43;28.61
626;Openserve Property;-27.92;29.28
32170;Openserve Property;-28.49;29.58
1702;Openserve Property;-23.77;30.1
9320;Openserve Property;-29.08;30.98
2913;Openserve Property;-28.43;32.15
2112;Openserve Property;-26.39;30.43
15770;Openserve Property;-27.7;23.05
1847;Openserve Property;-30.69;29.83
1609;Openserve Property;-25.87;29.17
1766;Openserve Property;-26.09;29.32
46483;Openserve Property;-34.06;18.43
11130;Openserve Property;-27.91;29.87
10977;Openserve Property;-25.01;26
794;Openserve Property;-29.6;17.88
9593;Openserve Property;-22.74;30.52
9906;Openserve Property;-33.95;25.58
4879;Openserve Property;-26.13;29.73
7872;Openserve Property;-32.04;27.82
1897;Openserve Property;-30.7;25.77
1751;Openserve Property;-25.67;28.13
1521;Openserve Property;-25.64;30.33
241;Openserve Property;-29.59;30.42
814;Openserve Property;-32.48;18.54
2586;Openserve Property;-25.87;29.12
1570;Openserve Property;-26.59;28.03
2644;Openserve Property;-28.97;25.09
5952;Openserve Property;-22.01;30.01
274;Openserve Property;-30.59;30.56
1913;Openserve Property;-30.78;25.8
1597;Openserve Property;-26.45;27.36
1023;Openserve Property;-26.15;28.04
993;Openserve Property;-26.2;28.06
203;Openserve Property;-29.86;31.02
654;Openserve Property;-33.93;18.42
1873;Openserve Property;-29.12;26.22
943;Openserve Property;-26;28.13
1740;Openserve Property;-25.01;28.01
1811;Openserve Property;-29.8;30.87
945;Openserve Property;-26;28.02
1323;Openserve Property;-25.75;28.21
904;Openserve Property;-26.12;28.08
1687;Openserve Property;-25.01;30.01
1769;Openserve Property;-26.67;27.93
895;Openserve Property;-26.1;28.05
2003;Openserve Property;-26.18;27.96
939;Openserve Property;-26.21;28.16
634;Openserve Property;-27.98;26.73
16761;Openserve Property;-29.01;26.02
1816;Openserve Property;-28.74;31.89
1015;Openserve Property;-26.1;28.01
1731;Openserve Property;-26.67;28.72
1494;Openserve Property;-25.73;28.3
78;Openserve Property;-33.01;27.9
1733;Openserve Property;-23.01;29.01
879;Openserve Property;-34;18.47
896;Openserve Property;-26.19;28.32
1886;Openserve Property;-33.92;25.59
1478;Openserve Property;-25.67;27.24
963;Openserve Property;-26.19;28.11
1431;Openserve Property;-25.77;29.46
380;Openserve Property;-29.61;30.38
384;Openserve Property;-29.8;30.87
2100;Openserve Property;-26.1;28.23
2033;Openserve Property;-26.26;28.44
822;Openserve Property;-33.96;18.47
985;Openserve Property;-26.2;28.01
1360;Openserve Property;-25.01;28
835;Openserve Property;-34.08;18.85
124;Openserve Property;-33.95;25.51
1429;Openserve Property;-24.99;30.76
1764;Openserve Property;-26.77;27.85
1572;Openserve Property;-25.8;28.3
2048;Openserve Property;-26.27;28.12
379;Openserve Property;-29.7;31
22;Openserve Property;-28.74;24.77
372;Openserve Property;-29.84;31
829;Openserve Property;-33.91;18.39
926;Openserve Property;-26.16;28.15
1466;Openserve Property;-25.75;28.13
236;Openserve Property;-29.78;31.04
2012;Openserve Property;-26.26;27.93
1527;Openserve Property;-25.87;29.22
1032;Openserve Property;-26.2;27.96
770;Openserve Property;-33.92;18.48
154;Openserve Property;-33.96;25.62
1016;Openserve Property;-26.18;27.71
5982;Openserve Property;-31.59;28.79
5839;Openserve Property;-32.85;27.44
933;Openserve Property;-25.95;28.12
2060;Openserve Property;-26.22;28.25
112;Openserve Property;-32.88;27.39
1831;Openserve Property;-29.98;30.93
395;Openserve Property;-29.9;30.98
910;Openserve Property;-25.98;28.08
484;Openserve Property;-29;26.01
354;Openserve Property;-27.76;29.93
1599;Openserve Property;-25.84;28.16
1679;Openserve Property;-26.56;28.01
798;Openserve Property;-33.73;18.96
968;Openserve Property;-26.1;27.77
1761;Openserve Property;-26.88;28.23
961;Openserve Property;-26.07;28.09
975;Openserve Property;-26.32;27.84
801;Openserve Property;-33.91;18.59
952;Openserve Property;-26.13;28.2
925;Openserve Property;-26.13;28.16
2647;Openserve Property;-23.91;29.45
979;Openserve Property;-26.14;28
149;Openserve Property;-33.95;25.59
906;Openserve Property;-26;28.01
1037;Openserve Property;-26.01;28.22
882;Openserve Property;-26.13;27.96
15803;Openserve Property;-25.69;30.04
84;Openserve Property;-33.96;22.46
338;Openserve Property;-29.72;31.04
1026;Openserve Property;-26.17;28.33
909;Openserve Property;-26.23;28.09
1765;Openserve Property;-26.79;27.84
2246;Openserve Property;-33.64;19.45
2130;Openserve Property;-34.23;19.43
1624;Openserve Property;-26.72;27.05
181;Openserve Property;-33.77;25.4
1735;Openserve Property;-25.68;28.22
143;Openserve Property;-33.86;25.61
1709;Openserve Property;-25.09;28.31
1658;Openserve Property;-26.15;26.16
777;Openserve Property;-34.03;18.6
1007;Openserve Property;-26.13;27.91
5797;Openserve Property;-25.84;25.61
776;Openserve Property;-33.88;18.5
1759;Openserve Property;-23.01;30.01
1520;Openserve Property;-25.78;28.24
1670;Openserve Property;-25.71;28.38
942;Openserve Property;-26.4;27.83
1555;Openserve Property;-26.46;29.46
415;Openserve Property;-29.01;31.01
1002;Openserve Property;-26.05;27.98
905;Openserve Property;-26.09;27.96
1825;Openserve Property;-29.84;31.02
452;Openserve Property;-30.01;26.01
114;Openserve Property;-33.4;25.44
843;Openserve Property;-33.94;18.86
1998;Openserve Property;-26.27;27.88
4636;Openserve Property;-22.97;30.46
463;Openserve Property;-28.23;28.31
897;Openserve Property;-26.06;28.23
2203;Openserve Property;-33.46;18.73
841;Openserve Property;-34.08;18.47
4938;Openserve Property;-29.72;31.06
892;Openserve Property;-26.18;28.27
441;Openserve Property;-29.83;30.94
1750;Openserve Property;-27.4;24.59
2164;Openserve Property;-33.98;18.47
9940;Openserve Property;-31.97;28.68
1324;Openserve Property;-25.81;28.74
2232;Openserve Property;-33.83;18.51
2092;Openserve Property;-26.34;28.36
899;Openserve Property;-26.14;28.27
734;Openserve Property;-33.99;18.54
972;Openserve Property;-25.93;27.93
389;Openserve Property;-30.74;30.45
870;Openserve Property;-31.66;18.51
1014;Openserve Property;-26.28;27.84
62;Openserve Property;-32.98;27.9
1631;Openserve Property;-25.66;28.31
949;Openserve Property;-26.16;28.08
11510;Openserve Property;-25.35;26.53
1376;Openserve Property;-25.05;31.13
1708;Openserve Property;-25.67;28.25
1662;Openserve Property;-23.04;29.91
2227;Openserve Property;-34.19;18.43
300;Openserve Property;-29.01;30
2067;Openserve Property;-26.08;28.2
339;Openserve Property;-29.58;30
1618;Openserve Property;-26.5;28.36
305;Openserve Property;-29.75;30.97
2209;Openserve Property;-33.72;18.99
430;Openserve Property;-29.64;31.05
2086;Openserve Property;-34.05;18.46
209;Openserve Property;-29.73;30.59
1835;Openserve Property;-28.01;32
2185;Openserve Property;-33.9;18.55
294;Openserve Property;-30.15;30.06
413;Openserve Property;-29.01;31
1605;Openserve Property;-26.52;29.98
4284;Openserve Property;-28.94;27.06
782;Openserve Property;-34.1;18.47
182;Openserve Property;-33.74;25.43
980;Openserve Property;-26.11;28.11
1048;Openserve Property;-26.12;27.86
2167;Openserve Property;-33.97;18.51
846;Openserve Property;-34.12;18.83
1375;Openserve Property;-25.75;28.23
5846;Openserve Property;-32.94;27.76
33;Openserve Property;-29.67;22.75
1898;Openserve Property;-26.9;27.46
941;Openserve Property;-26.29;28.07
1916;Openserve Property;-27.43;29.16
903;Openserve Property;-26.24;28.36
1404;Openserve Property;-25.01;28
377;Openserve Property;-29.01;30.4
4118;Openserve Property;-25.87;28.19
89;Openserve Property;-33.31;26.53
1864;Openserve Property;-28.3;31.43
1567;Openserve Property;-26.36;27.4
755;Openserve Property;-33.85;18.72
869;Openserve Property;-32.91;17.99
4056;Openserve Property;-29.91;30.87
934;Openserve Property;-26;27.01
1019;Openserve Property;-26.26;28.02
1576;Openserve Property;-25.71;28.15
391;Openserve Property;-29.81;30.94
1415;Openserve Property;-25.1;30.45
821;Openserve Property;-33.8;19.88
2089;Openserve Property;-29.87;30.27
190;Openserve Property;-29.02;30
1918;Openserve Property;-30.29;30.75
651;Openserve Property;-33.56;18.5
419;Openserve Property;-29.57;31.12
135;Openserve Property;-34.18;22.14
916;Openserve Property;-26.24;27.95
1717;Openserve Property;-26.66;27.89
194;Openserve Property;-29;31.21
433;Openserve Property;-27;30.01
208;Openserve Property;-29.86;30.97
10784;Openserve Property;-30.96;29.3
4249;Openserve Property;-27.8;28.43
960;Openserve Property;-26.34;28.15
679;Openserve Property;-33.95;18.38
326;Openserve Property;-30.85;30.35
368;Openserve Property;-29.96;30.89
10570;Openserve Property;-24.51;29.78
1752;Openserve Property;-26.66;27.97
9029;Openserve Property;-26.02;28.17
4416;Openserve Property;-26.12;28.46
559;Openserve Property;-27.98;26.77
1691;Openserve Property;-24.7;28.41
1580;Openserve Property;-26.15;28.68
63;Openserve Property;-33.98;25.55
537;Openserve Property;-27.66;27.23
883;Openserve Property;-26.24;27.99
1417;Openserve Property;-25.83;28.2
2176;Openserve Property;-33.93;18.55
5032;Openserve Property;-25.7;28.24
147;Openserve Property;-33.59;22.2
994;Openserve Property;-26.25;28.4
808;Openserve Property;-33.01;18.99
837;Openserve Property;-29.67;17.88
912;Openserve Property;-26.03;28.16
10997;Openserve Property;-32.83;27.2
1613;Openserve Property;-25;29.01
694;Openserve Property;-33.37;19.31
1050;Openserve Property;-26.16;27.82
1917;Openserve Property;-29.02;26.01
1839;Openserve Property;-29.01;29.02
11500;Openserve Property;-25.91;25.68
873;Openserve Property;-33.64;19
328;Openserve Property;-30.34;28.81
1768;Openserve Property;-26.32;26.83
1654;Openserve Property;-25.71;28.19
120;Openserve Property;-34.04;23.05
1727;Openserve Property;-26.82;27.83
663;Openserve Property;-33.8;18.46
88;Openserve Property;-32.25;24.54
2218;Openserve Property;-32.91;18.76
1817;Openserve Property;-28.88;31.9
321;Openserve Property;-29.99;30.88
91;Openserve Property;-33.04;27.86
4531;Openserve Property;-26;28.07
2128;Openserve Property;-26.3;28.19
618;Openserve Property;-29.22;26.7
474;Openserve Property;-29.22;26.71
893;Openserve Property;-26.17;28.14
998;Openserve Property;-26.09;27.81
1176;Openserve Property;-28;24
282;Openserve Property;-29.49;30.22
1181;Openserve Property;-28.46;21.25
171;Openserve Property;-33.99;25.67
1151;Openserve Property;-26.16;24.41
913;Openserve Property;-26.15;28.42
277;Openserve Property;-29.56;30.3
676;Openserve Property;-25.96;28.24
848;Openserve Property;-34.13;18.39
530;Openserve Property;-28.31;28.7
450;Openserve Property;-30;30.01
1711;Openserve Property;-25.74;28.01
1029;Openserve Property;-26.3;28.45
43;Openserve Property;-33.9;25.56
937;Openserve Property;-26.02;28.01
1598;Openserve Property;-25.84;28.27
826;Openserve Property;-33.01;17.95
3924;Openserve Property;-25.01;28.01
473;Openserve Property;-27.39;26.62
810;Openserve Property;-33.22;22.03
11;Openserve Property;-28.01;24.01
1819;Openserve Property;-28.61;29.92
2911;Openserve Property;-23;30.69
1887;Openserve Property;-27.01;27.01
280;Openserve Property;-28.02;32.27
739;Openserve Property;-34.04;18.36
1781;Openserve Property;-25.48;30.96
1689;Openserve Property;-23.89;30.29
2156;Openserve Property;-26.28;27.7
4414;Openserve Property;-25.01;27.01
5798;Openserve Property;-25.02;28.01
854;Openserve Property;-33.92;18.59
44599;Openserve Property;-22;30.02
997;Openserve Property;-26.42;28.47
727;Openserve Property;-34.15;19.02
11912;Openserve Property;-25.28;25.87
29767;Openserve Property;-29.62;24.09
87;Openserve Property;-32.94;28.02
1606;Openserve Property;-26.47;29.11
232;Openserve Property;-28.16;30.23
3644;Openserve Property;-25.65;31.51
1610;Openserve Property;-26.49;27.49
637;Openserve Property;-27.85;26.36
309;Openserve Property;-29;31.02
1588;Openserve Property;-25.65;28.24
11906;Openserve Property;-31.16;28.87
5852;Openserve Property;-32.2;26.82
1719;Openserve Property;-25.84;28.16
18267;Openserve Property;-28.56;28.85
369;Openserve Property;-29.74;30.94
701;Openserve Property;-34.02;18.44
412;Openserve Property;-30.09;30.86
1875;Openserve Property;-28.29;26.15
152;Openserve Property;-34.06;23.37
797;Openserve Property;-34.02;18.51
1001;Openserve Property;-25.96;28.23
1564;Openserve Property;-26.3;29.99
761;Openserve Property;-33.09;18.03
363;Openserve Property;-29;30.01
1668;Openserve Property;-25.49;31.5
123;Openserve Property;-33.81;25.39
4102;Openserve Property;-26.72;27.12
758;Openserve Property;-33.49;21.27
1714;Openserve Property;-25.71;28.22
1443;Openserve Property;-27.26;24.96
156;Openserve Property;-31.9;26.87
1678;Openserve Property;-25.74;28.32
1747;Openserve Property;-26.85;26.77
927;Openserve Property;-26.25;28.31
387;Openserve Property;-27.38;31.62
1612;Openserve Property;-26.74;28.75
1614;Openserve Property;-26.8;28.5
1686;Openserve Property;-24.52;28.71
184;Openserve Property;-33.98;25.6
2210;Openserve Property;-33.99;18.69
45;Openserve Property;-32.99;27.86
80;Openserve Property;-33.99;22.58
1786;Openserve Property;-27.2;25.98
252;Openserve Property;-28.9;31.47
1707;Openserve Property;-25.68;28.18
840;Openserve Property;-34.44;19.46
2207;Openserve Property;-33.73;18.44
71;Openserve Property;-32.16;25.62
964;Openserve Property;-26.31;28.01
2608;Openserve Property;-24.02;29
1695;Openserve Property;-26.98;26.67
1041;Openserve Property;-26.25;28.19
1241;Openserve Property;-33.83;23.85
730;Openserve Property;-33.86;18.97
2127;Openserve Property;-26.54;27.87
1035;Openserve Property;-26.26;28.27
317;Openserve Property;-27.75;30.03
1487;Openserve Property;-25.1;30.78
4178;Openserve Property;-26.16;28.22
936;Openserve Property;-26.17;27.92
2182;Openserve Property;-33.91;19.12
4418;Openserve Property;-26.38;28.16
264;Openserve Property;-25.73;28.22
1639;Openserve Property;-26.64;27.26
371;Openserve Property;-27.79;30.12
1022;Openserve Property;-26.16;27.86
9967;Openserve Property;-25.75;27.83
38736;Openserve Property;-25.84;28.14
164;Openserve Property;-34.02;22.8
37;Openserve Property;-27.19;25.33
2166;Openserve Property;-33.77;18.96
965;Openserve Property;-26.42;28.11
316;Openserve Property;-27.58;31.28
563;Openserve Property;-27.87;26.69
1103;Openserve Property;-27.84;25.91
14736;Openserve Property;-25;28.02
1187;Openserve Property;-31.4;23.12
1594;Openserve Property;-25.01;28.01
406;Openserve Property;-29.89;30.88
630;Openserve Property;-28;26.01
642;Openserve Property;-28;27.01
1622;Openserve Property;-24.35;30.95
5974;Openserve Property;-30.9;28.99
992;Openserve Property;-26.29;27.91
1402;Openserve Property;-25.44;28.71
2177;Openserve Property;-33.94;18.63
138;Openserve Property;-32.98;27.92
1653;Openserve Property;-33.98;18.59
75;Openserve Property;-33.8;25.47
410;Openserve Property;-28.38;32.41
1910;Openserve Property;-27.65;27.19
219;Openserve Property;-29.88;30.99
170;Openserve Property;-32.57;27.43
189;Openserve Property;-30.02;30.92
2222;Openserve Property;-34.09;21.26
1282;Openserve Property;-32.72;25.59
1793;Openserve Property;-29.66;30.45
224;Openserve Property;-29.34;30.63
4998;Openserve Property;-28.62;28.21
1568;Openserve Property;-26.07;30.12
5808;Openserve Property;-28.73;20.97
847;Openserve Property;-34.07;18.58
1724;Openserve Property;-25.85;28.25
428;Openserve Property;-29.79;29.49
2188;Openserve Property;-34.13;18.85
671;Openserve Property;-34.53;20.04
1531;Openserve Property;-25.74;27.91
1043;Openserve Property;-26.18;28.18
9756;Openserve Property;-32.1;28.31
890;Openserve Property;-26.01;27.01
3;Openserve Property;-27.65;25.61
1803;Openserve Property;-29.01;30.01
5812;Openserve Property;-25.38;28.26
2084;Openserve Property;-26.05;30.8
1877;Openserve Property;-28.52;28.42
1796;Openserve Property;-29.61;30.33
664;Openserve Property;-33.94;20.1
1797;Openserve Property;-27.9;30.58
1255;Openserve Property;-31.07;28.35
3038;Openserve Property;-23;29
2216;Openserve Property;-34.07;18.53
1427;Openserve Property;-25.7;27.49
1821;Openserve Property;-29.75;30.83
924;Openserve Property;-26.35;28.43
1818;Openserve Property;-29.01;29.87
453;Openserve Property;-27.75;26.64
2233;Openserve Property;-33.29;19.14
9946;Openserve Property;-31.62;29.55
376;Openserve Property;-27.42;30.82
2202;Openserve Property;-31.55;18.35
542;Openserve Property;-29.2;27.46
16263;Openserve Property;-34.02;24.74
599;Openserve Property;-28.32;27.62
510;Openserve Property;-29.01;26
12;Openserve Property;-29.06;23.78
2194;Openserve Property;-33.91;18.51
5920;Openserve Property;-26.86;26.42
1502;Openserve Property;-24.73;30.21
697;Openserve Property;-32.18;18.89
2422;Openserve Property;-29.41;26.44
11798;Openserve Property;-25.39;27.01
9948;Openserve Property;-31.31;28.76
785;Openserve Property;-34.47;19.9
5904;Openserve Property;-26.73;27.1
256;Openserve Property;-30.51;29.85
6149;Openserve Property;-26;28.17
1025;Openserve Property;-26.09;27.87
2230;Openserve Property;-34.8;20.05
1401;Openserve Property;-25.86;26.9
1592;Openserve Property;-24.73;26.81
17275;Openserve Property;-31.97;29.15
2234;Openserve Property;-31.61;18.73
1813;Openserve Property;-29.65;30.3
94;Openserve Property;-34.04;23.24
7867;Openserve Property;-32.68;27.15
151;Openserve Property;-32.58;25.14
655;Openserve Property;-33.9;20.72
667;Openserve Property;-34.23;19.21
2245;Openserve Property;-33.41;19.2
6408;Openserve Property;-30.26;29.94
1893;Openserve Property;-28.58;28.83
13566;Openserve Property;-26;25.02
15;Openserve Property;-27.75;24.81
25933;Openserve Property;-25.52;29.67
28;Openserve Property;-26.15;25.42
310;Openserve Property;-28.56;29.78
1330;Openserve Property;-26.33;26.32
4415;Openserve Property;-26.38;28.13
109;Openserve Property;-33.68;26.67
1582;Openserve Property;-26.36;28.79
1985;Openserve Property;-26.46;27.87
52;Openserve Property;-33.88;25.52
2165;Openserve Property;-33.91;18.85
2235;Openserve Property;-32.78;18.17
2103;Openserve Property;-33.33;19.32
1914;Openserve Property;-27.21;26.95
21219;Openserve Property;-31.64;27.26
1312;Openserve Property;-26.39;25.9
364;Openserve Property;-29.36;29.99
174;Openserve Property;-33.86;25.6
2254;Openserve Property;-34.2;21.59
229;Openserve Property;-29.93;29.88
5970;Openserve Property;-32;27.58
1809;Openserve Property;-29.01;30.01
780;Openserve Property;-33.15;18.66
12952;Openserve Property;-30;28.01
1199;Openserve Property;-32.7;26.3
11660;Openserve Property;-30.87;29.82
1661;Openserve Property;-25.01;28.01
2229;Openserve Property;-34.37;21.41
161;Openserve Property;-33.75;25.38
9734;Openserve Property;-28.48;28.85
614;Openserve Property;-30.03;25.78
7868;Openserve Property;-31.68;28
4298;Openserve Property;-28;26.01
1895;Openserve Property;-29.27;26.69
1454;Openserve Property;-24.88;30.75
243;Openserve Property;-24.73;31.21
2241;Openserve Property;-33.97;18.85
2212;Openserve Property;-34.41;19.17
1075;Openserve Property;-30.97;22.13
1883;Openserve Property;-27.01;28.01
329;Openserve Property;-27.48;32.58
959;Openserve Property;-26.16;27.79
325;Openserve Property;-29.16;31.07
1153;Openserve Property;-29.13;19.4
319;Openserve Property;-27.01;31
1892;Openserve Property;-27.68;29.56
932;Openserve Property;-26.29;28.59
313;Openserve Property;-27.77;29.91
2630;Openserve Property;-29.35;26.21
746;Openserve Property;-34.34;19.03
58;Openserve Property;-33.6;22.24
6327;Openserve Property;-25.77;27.85
388;Openserve Property;-31.05;30.22
308;Openserve Property;-28.6;32.09
1445;Openserve Property;-26.05;29.05
3862;Openserve Property;-24.99;31.24
6124;Openserve Property;-30.26;25.27
586;Openserve Property;-27.92;26.8
225;Openserve Property;-28.01;30.01
991;Openserve Property;-26.01;27.86
4572;Openserve Property;-24.17;30.4
719;Openserve Property;-30.56;17.99
16548;Openserve Property;-26.18;27.79
498;Openserve Property;-29.16;26.18
11903;Openserve Property;-31.7;27.23
1348;Openserve Property;-26.9;26.39
268;Openserve Property;-29.06;30.6
929;Openserve Property;-26.09;27.68
1581;Openserve Property;-26.89;28.1
1059;Openserve Property;-27.33;23.5
1326;Openserve Property;-24.68;30.33
1419;Openserve Property;-26;27.55
1294;Openserve Property;-31.19;28.23
1792;Openserve Property;-30.68;30.51
1737;Openserve Property;-25.49;30.97
158;Openserve Property;-33.84;25.55
920;Openserve Property;-26.22;27.87
133;Openserve Property;-34;22.37
223;Openserve Property;-29.74;30.84
759;Openserve Property;-33.2;20.86
1245;Openserve Property;-32.68;28.38
82;Openserve Property;-32.79;26.62
735;Openserve Property;-34.09;20.96
74;Openserve Property;-33.49;22.54
1694;Openserve Property;-26.99;28.21
2133;Openserve Property;-31.47;19.78
713;Openserve Property;-32.31;18.35
11499;Openserve Property;-25.89;25.62
5133;Openserve Property;-29.58;26.66
819;Openserve Property;-34.15;19.91
535;Openserve Property;-27.11;27.65
32;Openserve Property;-28.33;23.06
1238;Openserve Property;-31.47;27.34
2189;Openserve Property;-34.39;19.14
4010;Openserve Property;-25.76;29.43
3265;Openserve Property;-25.47;30.97
51;Openserve Property;-32.88;27.57
157;Openserve Property;-32.94;27.98
2170;Openserve Property;-33.48;19.66
3145;Openserve Property;-23.5;29.72
5102;Openserve Property;-27.94;22.74
702;Openserve Property;-33.38;18.38
666;Openserve Property;-33.87;18.54
1239;Openserve Property;-32.95;24.67
2402;Openserve Property;-32.3;27.15
1547;Openserve Property;-26.53;27.85
1611;Openserve Property;-23.31;30.7
119;Openserve Property;-33.86;25.53
437;Openserve Property;-28.85;30.08
1574;Openserve Property;-25.67;28.53
61;Openserve Property;-33.53;21.69
492;Openserve Property;-27.56;27.67
2882;Openserve Property;-32.68;26.08
18787;Openserve Property;-24.61;31.04
1258;Openserve Property;-31.4;26.36
2904;Openserve Property;-23.95;30.61
2198;Openserve Property;-33.88;18.81
153;Openserve Property;-33.59;26.88
522;Openserve Property;-31.12;26.81
1590;Openserve Property;-25.42;30.11
1477;Openserve Property;-25.19;29.93
948;Openserve Property;-26.06;27.76
2204;Openserve Property;-33.51;18.48
5;Openserve Property;-27.91;25.17
2973;Openserve Property;-29.8;30.74
1033;Openserve Property;-26.19;28.55
14102;Openserve Property;-23.13;30.42
4981;Openserve Property;-23.1;30.88
4389;Openserve Property;-26.25;28.44
11187;Openserve Property;-31.57;28.8
1268;Openserve Property;-33.44;25.97
284;Openserve Property;-29.6;29.86
575;Openserve Property;-28.52;28.81
29707;Openserve Property;-26.12;23.77
1601;Openserve Property;-23.17;30.05
514;Openserve Property;-30.6;25.49
21150;Openserve Property;-32.33;28.13
18229;Openserve Property;-28.58;28.84
4984;Openserve Property;-27.16;29.63
1846;Openserve Property;-28.73;31.53
1736;Openserve Property;-25.8;27.76
23518;Openserve Property;-32.24;28.85
1031;Openserve Property;-26.32;28.18
10884;Openserve Property;-25.95;28.16
17403;Openserve Property;-25.85;28.38
13891;Openserve Property;-31.01;29.01
2884;Openserve Property;-23.37;29.33
1197;Openserve Property;-32.48;24.57
4734;Openserve Property;-25.34;28.85
633;Openserve Property;-27.86;28.96
44;Openserve Property;-33.81;25.63
662;Openserve Property;-31.04;18.27
2199;Openserve Property;-34.14;18.34
605;Openserve Property;-28.71;26.07
3008;Openserve Property;-23.87;28.76
1833;Openserve Property;-29.64;31.13
1391;Openserve Property;-25.01;31.01
2864;Openserve Property;-26.49;29.23
1745;Openserve Property;-25.5;31
5105;Openserve Property;-26.98;20.78
1490;Openserve Property;-25.81;26.53
93;Openserve Property;-33.83;24.88
15621;Openserve Property;-22.89;30.73
940;Openserve Property;-26.39;27.63
1734;Openserve Property;-24.96;28.54
1812;Openserve Property;-26.97;29.21
168;Openserve Property;-34.16;24.82
18228;Openserve Property;-27.96;26.78
22301;Openserve Property;-24.3;28.12
520;Openserve Property;-29.76;25.43
511;Openserve Property;-28.27;29.13
1641;Openserve Property;-25;31.01
1171;Openserve Property;-26.55;24.87
612;Openserve Property;-28.4;26.71
1537;Openserve Property;-25.79;29.45
66;Openserve Property;-34.02;24.35
5781;Openserve Property;-25.27;27.28
19039;Openserve Property;-29.19;26.81
48;Openserve Property;-33.5;26.82
242;Openserve Property;-27;30
116;Openserve Property;-34.09;22.14
842;Openserve Property;-29.26;17.74
1649;Openserve Property;-23.69;30.61
1098;Openserve Property;-28.9;21.98
260;Openserve Property;-30.32;29.45
6110;Openserve Property;-28.74;19.3
42;Openserve Property;-33.55;25.69
169;Openserve Property;-33.97;23.88
117;Openserve Property;-33.54;27.04
496;Openserve Property;-29.75;25.32
1798;Openserve Property;-29.68;30.03
179;Openserve Property;-33.99;23.98
297;Openserve Property;-27.01;32
459;Openserve Property;-30.97;27.6
1804;Openserve Property;-30.39;29.04
1283;Openserve Property;-31.56;26.55
736;Openserve Property;-34.42;19.24
540;Openserve Property;-28.73;24.71
425;Openserve Property;-30.21;30.8
248;Openserve Property;-27.99;30.72
1317;Openserve Property;-24.01;31
2325;Openserve Property;-34.39;20.84
772;Openserve Property;-33.22;20.58
967;Openserve Property;-25.98;27.79
619;Openserve Property;-28.37;29.38
1912;Openserve Property;-27.55;28.52
1948;Openserve Property;-34.36;18.89
212;Openserve Property;-28;31.39
1885;Openserve Property;-27.29;27.97
4985;Openserve Property;-27.01;29.87
131;Openserve Property;-33.76;23.5
1133;Openserve Property;-29.41;22.11
17876;Openserve Property;-31.44;22.36
6560;Openserve Property;-32.97;27.9
5803;Openserve Property;-25.3;26.7
5103;Openserve Property;-29.75;24.79
970;Openserve Property;-26.29;28.39
15620;Openserve Property;-22.87;30.75
1424;Openserve Property;-25.71;28.38
1550;Openserve Property;-26.65;28.6
374;Openserve Property;-30.76;30.25
24090;Openserve Property;-32.98;27.82
33103;Openserve Property;-27.96;26.83
5796;Openserve Property;-26.46;25.26
1178;Openserve Property;-25.88;23.96
3657;Openserve Property;-23.02;29.02
172;Openserve Property;-33.5;25.63
13071;Openserve Property;-30.69;28.51
2312;Openserve Property;-31.15;18.36
4171;Openserve Property;-26.46;27.86
982;Openserve Property;-26.34;28.25
718;Openserve Property;-34.58;19.35
3816;Openserve Property;-33.5;21.44
4658;Openserve Property;-29.8;17.49
1284;Openserve Property;-31.3;25.82
16395;Openserve Property;-32.24;26.66
1471;Openserve Property;-26.02;29.6
272;Openserve Property;-30.01;29.01
267;Openserve Property;-27.97;31.03
764;Openserve Property;-30.95;19.44
24490;Openserve Property;-26.04;28.18
1822;Openserve Property;-30.81;30.33
20805;Openserve Property;-34.06;23.08
1571;Openserve Property;-23.01;30
5097;Openserve Property;-30.08;24.66
2587;Openserve Property;-28.23;31.47
1872;Openserve Property;-29.13;26.4
5104;Openserve Property;-29.12;25.41
733;Openserve Property;-34.59;19.76
5804;Openserve Property;-25;27.01
7885;Openserve Property;-25.6;28
999;Openserve Property;-26.1;28.15
1855;Openserve Property;-29.75;30.13
2196;Openserve Property;-33.8;18.87
46;Openserve Property;-32.28;24.56
1473;Openserve Property;-25.95;29.81
85;Openserve Property;-33.87;25.55
1285;Openserve Property;-33.33;24.35
3367;Openserve Property;-23;30.01
298;Openserve Property;-27.92;30.65
5849;Openserve Property;-33.22;27.13
16264;Openserve Property;-33.83;24.87
18062;Openserve Property;-26.2;25.47
386;Openserve Property;-28.55;30.42
507;Openserve Property;-30.56;26.4
1604;Openserve Property;-26.55;29.08
27895;Openserve Property;-31.17;28.7
744;Openserve Property;-30.21;17.93
37562;Openserve Property;-26.5;28.01
16532;Openserve Property;-32.86;27.14
726;Openserve Property;-32.15;18.61
28168;Openserve Property;-31.69;29.37
43958;Openserve Property;-25.32;29.99
28796;Openserve Property;-31.9;29.18
9736;Openserve Property;-26.21;27.65
478;Openserve Property;-23.99;30.32
1499;Openserve Property;-25;31.59
12890;Openserve Property;-32.19;27.94
1011;Openserve Property;-26.09;28.28
13365;Openserve Property;-30.8;29.35
1518;Openserve Property;-25.98;28.98
2183;Openserve Property;-34.61;19.38
1008;Openserve Property;-26.16;28.03
7489;Openserve Property;-26.32;28.2
1184;Openserve Property;-30.35;21.82
807;Openserve Property;-29.25;16.87
20400;Openserve Property;-26.97;23.98
5098;Openserve Property;-30.44;24.47
1081;Openserve Property;-26;25.01
18;Openserve Property;-27.2;22.97
102;Openserve Property;-34.03;24.78
17113;Openserve Property;-32.69;24
342;Openserve Property;-28;31
5810;Openserve Property;-25.01;28
2292;Openserve Property;-34.35;21.88
17822;Openserve Property;-26.5;27.88
803;Openserve Property;-33.67;18.58
15789;Openserve Property;-34.01;18.64
197;Openserve Property;-28.01;29
23747;Openserve Property;-23.1;30.39
20405;Openserve Property;-27.44;23.57
553;Openserve Property;-28.66;27.43
17295;Openserve Property;-28.52;24.7
2885;Openserve Property;-23.05;29.28
2337;Openserve Property;-29.67;31.03
1688;Openserve Property;-25.57;30.67
28303;Openserve Property;-31.64;29.45
28165;Openserve Property;-31.6;29.29
315;Openserve Property;-28.94;29.59
1296;Openserve Property;-33.66;23.13
5761;Openserve Property;-26.47;24.71
144;Openserve Property;-31.18;24.96
16398;Openserve Property;-31.79;28.29
21146;Openserve Property;-32.31;28.19
1099;Openserve Property;-28.56;21.76
24035;Openserve Property;-32.92;26.99
3450;Openserve Property;-32.73;28.02
1225;Openserve Property;-31.33;27.85
20453;Openserve Property;-32.5;27.4
25516;Openserve Property;-26.88;30.03
16781;Openserve Property;-33.94;22.47
3326;Openserve Property;-28.24;24.03
16048;Openserve Property;-26.42;27.86
2486;Openserve Property;-23.97;30.27
1366;Openserve Property;-26.02;26
15841;Openserve Property;-24.34;29.29
435;Openserve Property;-28.31;30.1
32678;Openserve Property;-28.65;20.45
28169;Openserve Property;-31.5;29.31
1739;Openserve Property;-25.65;27.7
16391;Openserve Property;-32.23;26.74
1219;Openserve Property;-31.37;27.05
7089;Openserve Property;-33.69;23.25
27892;Openserve Property;-31.24;28.65
1353;Openserve Property;-23.18;29.7
20452;Openserve Property;-32.39;28.38
296;Openserve Property;-28.58;29.12
343;Openserve Property;-30.5;30.63
24043;Openserve Property;-32.79;27.32
1057;Openserve Property;-28.67;20.43
18145;Openserve Property;-28.61;28.83
7;Openserve Property;-30;24
14308;Openserve Property;-30.58;22.88
17639;Openserve Property;-32.97;27.31
150;Openserve Property;-33.76;24.81
481;Openserve Property;-28.92;27.57
1234;Openserve Property;-31.65;25.8
191;Openserve Property;-28.38;31.08
26564;Openserve Property;-26.66;29.26
1656;Openserve Property;-25.49;27.84
3339;Openserve Property;-27;32.75
7892;Openserve Property;-31.52;27.7
6126;Openserve Property;-30.03;25.78
1635;Openserve Property;-26.84;26.86
270;Openserve Property;-29.8;30.66
696;Openserve Property;-32.59;19.01
16394;Openserve Property;-31.89;27.05
984;Openserve Property;-26.09;28.09
1367;Openserve Property;-24.02;30.01
287;Openserve Property;-27.13;32
24700;Openserve Property;-31.45;28.48
17502;Openserve Property;-25.79;28.64
136;Openserve Property;-33.8;25.61
36;Openserve Property;-27.12;22.84
23409;Openserve Property;-33.95;24.3
31214;Openserve Property;-26.75;27.54
27846;Openserve Property;-32.75;27.43
442;Openserve Property;-28.81;29.54
399;Openserve Property;-29.5;31.24
17752;Openserve Property;-25.36;28.82
24372;Openserve Property;-32.4;24.19
849;Openserve Property;-32.4;20.66
13881;Openserve Property;-25.95;28.14
2118;Openserve Property;-26.74;29.62
9260;Openserve Property;-28.76;16.67
23312;Openserve Property;-34.01;22.49
4748;Openserve Property;-29.01;30
921;Openserve Property;-25.86;28.21
3003;Openserve Property;-24.34;29.93
8449;Openserve Property;-25.69;27.32
14099;Openserve Property;-31.26;25.8
11318;Openserve Property;-32.93;27.73
1180;Openserve Property;-28.33;24.21
327;Openserve Property;-29.82;30.76
3263;Openserve Property;-29.75;29.51
1436;Openserve Property;-25.75;27.56
18536;Openserve Property;-23.91;29.13
37159;Openserve Property;-27.98;26.73
571;Openserve Property;-29.15;26.17
3698;Openserve Property;-26.17;30.63
35024;Openserve Property;-26.16;27.94
15034;Openserve Property;-26.03;27.97
21847;Openserve Property;-25.91;28.06
12256;Openserve Property;-31.8;27.77
1411;Openserve Property;-25.64;31.29
21549;Openserve Property;-24.7;29.75
1329;Openserve Property;-26.04;29.33
1569;Openserve Property;-26.66;29.18
24901;Openserve Property;-28.64;28.96
5732;Openserve Property;-26.68;28.01
6271;Openserve Property;-26.49;29.35
24423;Openserve Property;-25.29;29.08
46239;Openserve Property;-30.32;28.39
1064;Openserve Property;-27.82;23.91
246;Openserve Property;-29.69;30.09
5857;Openserve Property;-27.2;20.51
3723;Openserve Property;-27.56;32.08
14251;Openserve Property;-30.35;29.85
360;Openserve Property;-28.62;31.09
5820;Openserve Property;-25.45;28.05
1841;Openserve Property;-28.42;32.18
35444;Openserve Property;-24.64;26.4
17981;Openserve Property;-29.88;30.92
26327;Openserve Property;-23.8;29.35
3761;Openserve Property;-23.31;30.3
5776;Openserve Property;-26.5;25.37
15844;Openserve Property;-24.39;29.29
918;Openserve Property;-25.94;27.99
22854;Openserve Property;-23.29;29.98
2330;Openserve Property;-28.6;20.34
20434;Openserve Property;-27.39;23.43
15615;Openserve Property;-23;30.63
3502;Openserve Property;-26.6;30.08
23562;Openserve Property;-31.58;28.88
129145;Openserve Property;-34.17;21.99
27838;Openserve Property;-31.13;28.57
15428;Openserve Property;-23.33;29.97
15412;Openserve Property;-30.39;23.1
28662;Openserve Property;-32.04;27.7
23703;Openserve Property;-27.28;31.35
4242;Openserve Property;-29.5;25.52
19436;Openserve Property;-28.12;16.89
5264;Openserve Property;-29.61;30.27
6735;Openserve Property;-25.67;31.53
330;Openserve Property;-28.59;31.4
41839;Openserve Property;-29.71;30.67
2746;Openserve Property;-22.42;29.51
18080;Openserve Property;-25.14;25.96
1788;Openserve Property;-24.32;29.3
1871;Openserve Property;-29.04;29.79
815;Openserve Property;-33.38;18.9
439;Openserve Property;-29.59;31.16
565;Openserve Property;-29.41;24.75
15602;Openserve Property;-23.02;30.71
5474;Openserve Property;-26.21;28.04
16645;Openserve Property;-24.25;29.03
366;Openserve Property;-28.22;30.67
23855;Openserve Property;-31.82;25.84
408;Openserve Property;-30.92;30.32
18070;Openserve Property;-25.75;25.1
15636;Openserve Property;-23.53;29.84
14654;Openserve Property;-33.94;22.34
18292;Openserve Property;-28.53;26.99
56822;Openserve Property;-26.6;24.19
21499;Openserve Property;-24.54;30.7
2854;Openserve Property;-26.26;30.82
383;Openserve Property;-28.64;29.86
302;Openserve Property;-30.55;29.43
5100;Openserve Property;-31.41;23.94
1;Openserve Property;-29.24;18.84
2370;Openserve Property;-29.97;17.09
12267;Openserve Property;-25.66;30.24
1109;Openserve Property;-28.01;20
28875;Openserve Property;-22.9;30.21
31263;Openserve Property;-29.52;30.93
293;Openserve Property;-29.1;31.42
28865;Openserve Property;-22.95;30.19
763;Openserve Property;-32.78;21.98
1295;Openserve Property;-32.35;22.58
1773;Openserve Property;-27.37;29.88
10998;Openserve Property;-32.92;27.42
2331;Openserve Property;-34.06;18.61
15637;Openserve Property;-23.52;29.84
1046;Openserve Property;-26.32;27.65
18146;Openserve Property;-28.63;28.8
8629;Openserve Property;-31.82;28.76
1753;Openserve Property;-26.78;29.3
5094;Openserve Property;-30.59;23.5
650;Openserve Property;-33.97;18.54
5089;Openserve Property;-28.54;25.24
4106;Openserve Property;-27.62;23.65
5811;Openserve Property;-29.2;26.82
13354;Openserve Property;-28.8;32.08
4505;Openserve Property;-27.4;23.49
923;Openserve Property;-26.37;28.41
2070;Openserve Property;-26.45;29.67
103;Openserve Property;-33.94;25.46
1699;Openserve Property;-27;30.8
15400;Openserve Property;-23.2;30.13
278;Openserve Property;-28.15;31.88
1652;Openserve Property;-25.9;29.24
1301;Openserve Property;-33.3;23.49
8620;Openserve Property;-31.08;29.5
18248;Openserve Property;-25.21;28.12
17404;Openserve Property;-25.83;28.36
20;Openserve Property;-27.7;23.05
72;Openserve Property;-34.18;22.1
1741;Openserve Property;-23.88;29.73
140;Openserve Property;-33.9;25.59
1602;Openserve Property;-23.69;27.7
1052;Openserve Property;-26.37;27.89
1533;Openserve Property;-25.01;26.01
18266;Openserve Property;-28.56;28.83
1047;Openserve Property;-26.17;27.65
276;Openserve Property;-29.78;30.76
2221;Openserve Property;-33.68;19.31
27483;Openserve Property;-22.53;30.93
2215;Openserve Property;-34.66;19.5
47175;Openserve Property;-26.03;28.17
2445;Openserve Property;-26.4;27.58
1524;Openserve Property;-22.67;29.14
1020;Openserve Property;-26.31;28.23
1044;Openserve Property;-26.21;28.49
1647;Openserve Property;-25.89;28.02
623;Openserve Property;-28.09;27.14
3740;Openserve Property;-24.3;28.11
1961;Openserve Property;-26.08;27.92
18143;Openserve Property;-28.55;28.83
1406;Openserve Property;-27.24;26.24
1496;Openserve Property;-25.11;29.05
6105;Openserve Property;-26.59;24.17
1806;Openserve Property;-28.74;29.82
5805;Openserve Property;-25.57;27.16
1546;Openserve Property;-25;28.01
1777;Openserve Property;-24.88;28.29
1127;Openserve Property;-28.57;21.19
1704;Openserve Property;-24.18;29.01
2377;Openserve Property;-25.01;29
5967;Openserve Property;-32.33;28.15
4578;Openserve Property;-25.62;28.08
11911;Openserve Property;-25.45;25.87
5814;Openserve Property;-25.64;27.21
981;Openserve Property;-26.22;27.78
41;Openserve Property;-28.01;24.02
1703;Openserve Property;-26.72;27.1
880;Openserve Property;-33.35;18.16
2116;Openserve Property;-34.05;18.83
1448;Openserve Property;-26.81;26
130;Openserve Property;-31.5;25.01
1309;Openserve Property;-25.79;31.05
2655;Openserve Property;-23.95;31.14
647;Openserve Property;-28.61;16.49
5790;Openserve Property;-25.41;28.28
1034;Openserve Property;-26.04;28.07
1774;Openserve Property;-25.79;28.16
1321;Openserve Property;-25.64;27.78
1206;Openserve Property;-32.97;27.94
8502;Openserve Property;-25;27.01
